<?xml version="1.0" encoding="UTF-8"?>
<metadata xml:lang="it"><Esri><CreaDate>20201013</CreaDate><CreaTime>00494400</CreaTime><ArcGISFormat>1.0</ArcGISFormat><SyncOnce>TRUE</SyncOnce><DataProperties><itemProps><itemLocation><linkage Sync="TRUE">file://\\GD-569\T$\3420_temp\DATI ASSI 20201012\calcolo_distanze_asse\SOUTH_AXE_POINT_10m</linkage><protocol Sync="TRUE">Local Area Network</protocol></itemLocation></itemProps><copyHistory><copy source="T:\3420_temp\shp\SOUTH_AXE_POINT_10m" dest="\\GD-569\T$\3420_temp\DATI ASSI 20201012\calcolo_distanze_asse\SOUTH_AXE_POINT_10m" date="20201013" time="00494400"></copy></copyHistory></DataProperties></Esri></metadata>
