<?xml version="1.0" encoding="UTF-8"?>
<metadata xml:lang="it"><Esri><CreaDate>20201013</CreaDate><CreaTime>00494400</CreaTime><ArcGISFormat>1.0</ArcGISFormat><SyncOnce>TRUE</SyncOnce><DataProperties><lineage><Process ToolSource="c:\program files (x86)\arcgis\desktop10.7\ArcToolbox\Toolboxes\Data Management Tools.tbx\CalculateField" Date="20201012" Time="234205">CalculateField WEST_AXE_POINT_10m elev_exist [Elevation] VB #</Process><Process ToolSource="c:\program files (x86)\arcgis\desktop10.7\ArcToolbox\Toolboxes\Data Management Tools.tbx\CalculateField" Date="20201012" Time="234217">CalculateField WEST_AXE_POINT_10m elev_des [Elevatio_1] VB #</Process><Process ToolSource="c:\program files (x86)\arcgis\desktop10.7\ArcToolbox\Toolboxes\Data Management Tools.tbx\CalculateField" Date="20201012" Time="234224">CalculateField WEST_AXE_POINT_10m elev_diff [Elevatio_2] VB #</Process></lineage><itemProps><itemLocation><linkage Sync="TRUE">file://\\GD-569\T$\3420_temp\DATI ASSI 20201012\calcolo_distanze_asse\WEST_AXE_POINT_10m</linkage><protocol Sync="TRUE">Local Area Network</protocol></itemLocation></itemProps><copyHistory><copy source="T:\3420_temp\shp\WEST_AXE_POINT_10m" dest="\\GD-569\T$\3420_temp\DATI ASSI 20201012\calcolo_distanze_asse\WEST_AXE_POINT_10m" date="20201013" time="00494400"></copy></copyHistory></DataProperties></Esri></metadata>
